<?xml version="1.0" encoding="UTF-8"?>
<project-private xmlns="http://www.netbeans.org/ns/project-private/1">
    <editor-bookmarks xmlns="http://www.netbeans.org/ns/editor-bookmarks/2" lastBookmarkId="0"/>
    <open-files xmlns="http://www.netbeans.org/ns/projectui-open-files/2">
        <group>
            <file>file:/Users/frodrigues/Documents/Aulas/ESINF-Java/2%20Praticas%202021%20-%20/TP1&amp;PL1/PL_Recursion%20Initial/src/esinf/Labirinth.java</file>
            <file>file:/Users/frodrigues/Documents/Aulas/ESINF-Java/2%20Praticas%202021%20-%20/TP1&amp;PL1/PL_Recursion%20Initial/test/esinf/LabirinthTest.java</file>
        </group>
    </open-files>
</project-private>
